Year,Length,Title,Subject
1990,111,Tie Me Up! Tie Me Down!,Comedy
1991,113,High Heels,Comedy
1983,104,Dead Zone_ The,Horror
1979,122,Cuba,Action
1978,94,Days of Heaven,Drama
1983,140,Octopussy,Action
1984,101,Target Eagle,Action
1989,99,American Angels: Baptism of Blood_ The,Drama
1985,104,Subway,Drama
1990,149,Camille Claudel,Drama
1982,188,Fanny and Alexander,Drama
1982,117,Tragedy of a Ridiculous Man,Drama
1966,103,A Man & a Woman,Drama
1986,112,A Man & a Woman: Twenty Years Later,Drama
1966,103,Un Hombre y una Mujer,Drama
1985,112,Official Story_ The,Drama
1976,150,Lindbergh Kidnapping Case_ The,Drama
1929,84,Blackmail,Mystery
1963,109,Donovan's Reef,Comedy
1988,110,Tucker: The Man & His Dream,Drama
1988,101,Scrooged,Comedy
1981,116,Raiders of the Lost Ark,Action
1987,101,Running Man_ The,Science Fiction
1991,105,Predator 2,Action
1988,127,Colors,Drama
1990,97,Zandalee,Drama
1988,108,Miles from Home,Drama
1980,131,Happy Birthday to Me,Horror
1989,88,Final Notice,Mystery
1979,110,Quintet,Drama
1960,90,Devil's Eye_ The,Drama
1957,91,Wild Strawberries,Drama
1956,96,Seventh Seal_ The,Drama
1992,90,Germicide,Drama
1955,86,Dreams,Drama
1955,95,Naked Night_ The,Drama
1962,91,Through a Glass Darkly,Drama
1972,91,Cries & Whispers,Drama
1958,104,Barbarian & the Geisha_ The,Action
1967,130,Casino Royale,Comedy
1962,131,Dr. No,Action
1954,103,Elephant Walk,Drama
1979,121,Ten,Comedy
1983,118,Man Who Loved Women_ The,Comedy
1966,190,Hawaii,Drama
1966,125,Torn Curtain,Mystery
1986,107,Duet for One,Drama
1965,172,Sound of Music_ The,Music
1985,55,Gonzo Presents Muppet Weird Stuff,Comedy
1984,140,Tartuffe,Comedy
1988,104,A New Life,Comedy
1978,106,Magic,Mystery
1992,286,Tommy,Music
1978,108,Big Fix_ The,Mystery
1992,95,Alan & Naomi,Drama
1987,120,Fatal Attraction,Mystery
1992,117,Patriot Games,Action
1981,106,Woman Next Door_ The,Drama
1992,97,Hunting,Mystery
1991,115,Bataan,War
1924,110,Siegfried_ The Nibelungenlied,Drama
1991,90,Henry_ Portrait of a Serial Killer,Horror
1988,118,Big Blue_ The,Drama
1991,115,Flight of the Intruder,Drama
1986,108,Nobody's Fool,Comedy
1985,97,After Hours,Comedy
1985,104,Desperately Seeking Susan,Comedy
1971,102,A New Leaf,Comedy
1959,91,Killers of Kilimanjaro,Action
1926,126,Don Juan,Action
1987,102,Babette's Feast,Drama
1989,118,Vincent_ Francois_ Paul & the Others,Drama
1988,141,Thunderball,Action
1926,66,Lodger (Story of the London Fog),Mystery
1988,103,Appointment with Death,Mystery
1974,128,Murder on the Orient Express,Mystery
1955,115,Blood Alley,War
1977,136,Spy Who Loved Me_ The,Action
1988,100,Storm,Action
1991,89,Bloodbath,Horror
1989,103,Miami Cops,Action
1996,96,Island of Dr. Moreau_ The,Horror
1992,100,Eighty-Four Charing Cross Road,Drama
1980,124,Elephant Man_ The,Drama
1988,90,Dr Alien,Science Fiction
1982,120,Creepshow,Horror
1987,100,Sammy & Rosie Get Laid,Drama
1971,101,Goalie's Anxiety at the Penalty Kick_ The,Drama
1957,99,Mademoiselle Striptease,Comedy
1969,86,Women_ The,Drama
1958,77,That Naughty Girl,Comedy
1959,90,Voulez-Vous Danser Avec Moi?,Comedy
1967,100,A Coeur Joie_ (Head Over Heels),Action
1968,113,Shalako,Westerns
1964,102,Contempt,Drama
1965,100,Dear Brigitte,Comedy
1962,134,A Very Private Affair,Drama
1964,99,Ravishing Idiot_ The,Comedy
1958,90,Bride Is Much Too Beautiful_ The,Comedy
1955,90,Doctor at Sea,Comedy
1962,100,Le Repos Du Guerrier_ (Warrior's Rest),War
1957,90,And God Created Woman,Drama
1973,87,Ms. Don Juan,Drama
1987,97,Siesta,Drama
1932,92,Rich & Strange,Drama
1987,104,Lionheart,Action
1982,115,E. T. The Extra-Terrestrial,Science Fiction
1992,101,Cool World,Drama
1988,83,Nadine,Comedy
1989,126,Batman,Action
1987,95,Blind Date,Comedy
1982,101,Mother Lode,Action
1992,125,Final Analysis,Drama
1983,134,Never Say Never Again,Action
1986,117,Nine & a Half Weeks,Drama
1989,131,Killjoy,Mystery
1986,108,No Mercy,Drama
1991,116,Marrying Man_ The,Comedy
1990,123,Misery,Horror
1946,93,Crisis,Drama
1984,95,Samson & Delilah,Drama
1990,101,Act of Piracy,Mystery
1988,96,Split Decisions,Drama
1989,103,Vampire's Kiss,Comedy
1988,96,Nightmare at Noon,Action
1990,127,Presumed Innocent,Mystery
1942,123,Reap the Wild Wind,Drama
1972,100,Pocket Money,Comedy
1977,102,Mary White,Drama
1982,131,Catch a Rising Star_ Tenth Anniversary,Comedy
1990,105,Guilty by Suspicion,Drama
1948,99,Secret Beyond the Door,Mystery
1945,103,Scarlet Street,Drama
1988,76,Daffy Duck's Quackbusters,Action
1985,55,Rowlf's Rhapsodies with the Muppets,Comedy
1982,188,Gandhi,Drama
1975,120,Wind & the Lion_ The,Action
1971,96,Carnal Knowledge,Drama
1970,126,Getting Straight,Comedy
1972,90,Scarlet Letter_ The,Drama
1935,75,Count of Old Town_ The,Comedy
1978,97,Autumn Sonata,Drama
1944,114,Gaslight,Drama
1958,100,Indiscreet,Drama
1941,75,Walpurgis Night,Drama
1948,100,Joan of Arc,Drama
1982,195,A Woman Called Golda,Drama
1969,98,A Walk in the Spring Rain,Drama
1949,117,Under Capricorn,Drama
1946,101,Notorious,Mystery
1940,90,June Night,Drama
1961,120,Goodbye Again,Drama
1956,106,Anastasia,Drama
1945,126,Bells of St. Mary's_ The,Drama
1937,91,Intermezzo,Drama
1938,104,A Woman's Face,Drama
1935,90,Swedenhielms,Drama
1939,87,Only One Night,Drama
1938,74,Dollar,Drama
1956,98,Elena & Her Men,Drama
1952,110,Europa Fifty-One,Drama
1953,83,Voyage in Italy,Drama
1954,81,Fear,Drama
1950,107,Stromboli,Drama
1969,103,Cactus Flower,Comedy
1989,105,Hideaways,Comedy
1990,90,Twenty Four Hours in a Woman's Life,Drama
1987,91,Programmed to Kill,Action
1982,128,Conan the Barbarian,Action
1991,91,Raw Nerve,Mystery
1970,94,Think Dirty,Comedy
1982,108,King of Comedy,Drama
1983,60,Best of the Big Laff Off_ The,Comedy
1984,158,Amadeus,Drama
1973,101,White Lightning,Action
1988,172,Unbearable Lightness of Being_ The,Drama
1972,124,Life & Times of Judge Roy Bean_ The,Western
1970,137,Airport,Drama
1973,116,Day for Night,Drama
1952,107,Secrets of Women,Comedy
1976,116,Burnt Offerings,Horror
1969,94,Easy Rider,Drama
1991,98,Five Easy Pieces,Drama
1974,144,Day of the Locust_ The,Drama
1964,112,Goldfinger,Action
1977,117,Exorcist II_ The Heretic,Horror
1953,61,White Lightning,Unknown
1942,88,Lady for a Night,Drama
1968,103,Charly,Drama
1973,105,High Plains Drifter,Western
1982,123,Honkytonk Man,Drama
1990,102,Nightbreed,Horror
1987,98,Under the Sun of Satan,Drama
1985,105,Vagabond,Drama
1993,60,Bill Cosby_ Live at Harrah's,Comedy
1974,89,Monty Python & the Holy Grail,Comedy
1993,65,John Cleese on How to Irritate People,Comedy
1958,101,Matchmaker_ The,Comedy
1981,129,For Your Eyes Only,Action
1928,139,Wings,War
1992,106,Medicine Man,Action
1989,131,Good Fellas,Drama
1985,119,Kiss of the Spider Woman,Drama
1990,121,Rookie_ THe,Action
1973,129,Sting_ The,Drama
1958,96,Torpedo Run,War
1986,101,Instant Justice,Drama
1990,135,Cyrano de Bergerac,Drama
1948,110,Border Street,Drama
1987,91,Firehouse,Comedy
1965,123,Morituri,Drama
1980,104,From the Life of the Marionettes,Drama
1988,120,Frantic,Mystery
1978,114,Coma,Science Fiction
1988,117,Dead Ringers,Drama
1988,90,Golden Ninja Invasion,Action
1973,122,Exorcist_ The,Horror
1975,112,Alice Doesn't Live Here Anymore,Comedy
1982,94,Eyes of the Amaryllis_ The,Drama
1952,109,What Price Glory?,War
1954,40,Inauguration of the Pleasure Dome,Short
1989,114,School Daze,Comedy
1990,102,End of Innocence_ The,Drama
1971,98,Anderson Tapes_ The,Mystery
1983,50,Father Murphy_ A Horse from Heaven,Comedy
1989,80,Skull,Drama
1987,91,Quick & The Dead_ The,Western
1984,94,Best Defense,Comedy
1984,99,Dreamscape,Science Fiction
1989,125,Black Rain,Action
1963,138,8 1/2,Drama
1935,64,One Frightened Night,Horror
1988,103,Year My Voice Broke_ The,Drama
1966,175,Is Paris Burning?,War
1974,313,QB VII,Drama
1977,104,Island of Dr. Moreau_ The,Horror
1983,104,Beyond the Limit,Drama
1936,84,Secret Agent,Mystery
1986,71,Paramount Comedy Theater: Well-Developed,Comedy
1972,71,Big Bust Out_ The,Action
1987,119,Fourth Protocol_ The,Mystery
1990,107,Gremlins 2: The New Batch,Comedy
1982,92,Fast Times at Ridgemont High,Comedy
1987,131,Mannequin,Comedy
1977,91,Rabid,Horror
1990,131,Party_ The,Comedy
1989,90,Vampire Raiders_ Ninja Queen,Action
1970,26,Bloopers from Star Trek,Comedy
1943,99,Destroyer,Action
1992,99,Party Girl,Comedy
1989,113,Twin Peaks,Mystery
1987,103,Moonstruck,Comedy
1987,119,Witches of Eastwick_ The,Comedy
1979,128,Moonraker,Action
1984,106,Beat Street,Drama
1986,88,Running Out of Luck,Comedy
1989,90,Never on Tuesday,Drama
1975,109,Shampoo,Comedy
1985,111,Power,Drama
1965,122,Darling,Drama
1963,120,Ugly American_ The,Drama
1931,68,Ambassador Bill,Comedy
1931,110,Big Trail_ The,Western
1967,111,Hombre,Western
1968,103,Coogan's Bluff,Action
1989,91,Penn & Teller Get Killed,Comedy
1987,118,Shy People,Drama
1980,91,It's My Turn,Comedy
1988,119,Dangerous Liaisons,Drama
1990,111,Reversal of Fortune,Drama
1991,119,Meeting Venus,Comedy
1946,105,Tomorrow Is Forever,Drama
1987,101,Like Father Like Son,Comedy
1948,81,Rope,Drama
1962,91,Road to Hong Kong,Comedy
1989,108,Shirley Valentine,Comedy
1992,135,City of Joy,Drama
1966,99,Appaloosa_ The,Western
1986,88,Seven Minutes in Heaven,Comedy
1991,96,Hearts of Darkness_ A Filmmaker's Apocalypse,Drama
1961,66,Tonight for Sure,Comedy
1990,110,White Hunter_ Black Heart,Adventure
1962,110,Sundays & Cybele,Drama
1989,90,Puppet Master,Science Fiction
1991,95,Night Gallery,Horror
1989,103,Pet Sematary,Horror
1992,60,America's Music_ Gospel,Music
1977,123,Slap Shot,Comedy
1987,109,O. C. & Stiggs,Comedy
1988,108,A Fish Called Wanda,Comedy
1954,96,A Lesson in Love,Comedy
1957,82,Brink of Life,Drama
1986,120,Betty Blue,Drama
1979,122,Hair,Music
1989,97,National Lampoon's Christmas Vacation,Comedy
1974,124,Dersu Uzala_ (The Hunter),Adventure
1990,106,Alice,Comedy
1980,90,Fifth Floor_ The,Mystery
1990,94,Snow Kill,Drama
1971,74,People_ The,Drama
1969,128,True Grit,Western
1942,18,Battle of Midway_ The,War
1948,103,Three Godfathers,Western
1965,133,Hush_ Hush_ Sweet Charlotte,Mystery
1946,110,A Stolen Life,Drama
1939,96,Old Maid_ The,Drama
1950,138,All about Eve,Drama
1986,96,Fly_ The,Horror
1990,89,Quick Change,Comedy
1988,93,Lair of the White Worm_ The,Horror
1989,104,Rainbow_ The,Drama
1956,120,Man Who Knew Too Much_ The,Mystery
1992,90,Beauty & the Beast,Science Fiction
1940,120,Foreign Correspondent,Mystery
1949,115,Heiress_ The,Drama
1986,120,Boy Who Could Fly_ The,Drama
1975,89,Terrorists_ The,Action
1942,85,Wheel of Fortune,Drama
1989,120,Do the Right Thing,Drama
1990,93,Court-Martial of Jackie Robinson_ The,Drama
1967,90,Elvira Madigan,Drama
1992,86,Hurricane Smith,Action
1987,86,Fair Game,Action
1989,95,Rape of the Sabines_ The,Action
1983,99,Risky Business,Comedy
1980,103,I Love All of You (Je Vous Aime),Drama
1986,108,Love Songs,Drama
1983,114,Le Choix des Armes,Mystery
1981,135,Choice of Arms,Action
1977,107,March or Die,War
1980,135,Last Metro_ The,Drama
1986,120,Jean de Florette,Drama
1989,127,Fat Man & Little Boy,Drama
1990,125,Wild at Heart,Drama
1989,113,Family Business,Action
1988,103,Stand & Deliver,Drama
1981,94,Looker,Science Fiction
1989,89,Fire & Rain,Action
1990,56,Best of Candid Camera_ The,Comedy
1940,83,Seven Sinners,Drama
1961,190,Judgment at Nuremberg,Drama
1989,60,Minsky's Follies,Comedy
1990,97,Novice_ The,Comedy
1987,130,Wings of Desire,Drama
1991,158,Until the End of the World,Drama
1987,118,Castaway,Drama
1993,30,Alfred Hitchcock Presents_ Sorcerer's Apprentice,Mystery
1991,99,Delicatessen,Comedy
1979,110,Great Train Robbery_ The,Mystery
1991,110,Hanover Street,Drama
1991,102,Hunchback,Drama
1946,97,My Darling Clementine,Western
1950,86,Wagon Master,Western
1949,93,She Wore a Yellow Ribbon,Western
1985,90,Fantasy Man,Comedy
1986,87,Monster in the Closet,Comedy
1992,85,Double Edge,Drama
1976,116,Network,Comedy
1974,131,Chinatown,Drama
1975,117,Three Days of the Condor,Drama
1977,134,Voyage of the Damned,Drama
1987,97,Barfly,Drama
1990,104,Wait Until Spring_ Bandini,Drama
1947,118,Life with Father,Comedy
1943,131,A Guy Named Joe,Drama
1974,117,Stavisky,Drama
1981,117,Time Bandits,Comedy
1980,144,Shining_ The,Horror
1945,91,Flame of Barbary Coast,Western
1993,92,Naked Truth_ The,Comedy
1979,92,Brood_ The,Horror
1970,123,Molly Maguires_ The,Action
1984,105,Beverly Hills Cop,Comedy
1991,86,Blind Man's Bluff,Mystery
1961,140,La Dolce Vita,Drama
1966,103,After the Fox,Comedy
1974,127,Man with the Golden Gun_ The,Action
1985,96,Marbella,Action
1967,103,Bobo_ The,Comedy
1993,53,Big Bands_ The,Music
1992,97,Killer Image.,Mystery
1987,94,Kandyland,Drama
1987,94,Campus Man,Drama
1956,101,Jubal,Drama
1985,84,Purple Rose of Cairo_ The,Comedy
1984,85,Broadway Danny Rose,Comedy
1992,108,Husbands & Wives,Comedy
1986,103,Hannah & Her Sisters,Comedy
1979,115,Hurricane,Action
1986,95,Between Two Women,Drama
1981,96,Cannonball Run_ The,Comedy
1936,70,Doughnuts & Society,Comedy
1978,450,Holocaust,Drama
1990,103,Meridian,Science Fiction
1992,90,Diary of a Hitman,Drama
1988,95,Gor,Action
1987,95,Surrender,Comedy
1984,112,Places in the Heart,Drama
1991,106,Not Without My Daughter,Drama
1977,113,Heroes,Drama
1981,116,Absence of Malice,Drama
1979,110,Norma Rae,Drama
1989,118,Steel Magnolias,Drama
1989,101,Burbs_ The,Comedy
1980,124,Empire Strikes Back_ The,Science Fiction
1977,121,Star Wars,Science Fiction
1983,132,Return of the Jedi,Science Fiction
1991,104,Hear My Song,Drama
1956,99,Slightly Scarlet,Action
1957,120,Gunfight at the OK Corral,Western
1931,131,Range Feud_ The,Western
1990,89,Bloodsucking Pharaohs in Pittsburgh,Comedy
1972,129,Roma,Drama
1979,122,China Syndrome_ The,Drama
1986,100,Morning After_ The,Mystery
1971,114,Klute,Drama
1979,113,Electric Horseman_ The,Comedy
1965,97,Cat Ballou,Comedy
1991,131,Coming Home,Drama
1940,130,Rebecca,Drama
1944,96,Jane Eyre,Drama
1973,87,Stacey!,Action
1992,85,Naked Obsession,Mystery
1989,83,Stripped to Kill II_ Live Girls,Mystery
1990,94,Rain Killer_ The,Mystery
1983,95,Valley Girl,Comedy
1991,118,Silence of the Lambs_ The,Mystery
1988,98,Stealing Home,Drama
1972,92,Napoleon & Samantha,Comedy
1988,131,Five Corners,Drama
1955,131,Blackboard Jungle_ The,Drama
1989,103,My Left Foot,Drama
1987,92,Back to the Beach,Comedy
1934,85,Painted Veil_ The,Drama
1931,74,Inspiration,Drama
1930,92,Anna Christie,Drama
1926,109,Flesh & the Devil_ The,Drama
1928,90,Woman of Affairs,Drama
1935,96,Anna Karenina,Drama
1936,110,Camille,Drama
1931,91,Mata Hari,Drama
1929,100,Wild Orchids,Drama
1932,112,Grand Hotel,Drama
1931,84,Susan Lennox_ Her Fall & Rise,Drama
1939,108,Ninotchka,Comedy
1933,97,Queen Christina,Drama
1928,96,Mysterious Lady_ The,Drama
1925,125,Joyless Street,Drama
1929,74,Single Standard_ The,Drama
1932,71,As You Desire Me,Drama
1930,76,Romance,Drama
1962,105,A Child Is Waiting,Drama
1982,116,Tootsie,Comedy
1989,86,Let It Ride,Comedy
1953,120,Julius Caesar,Drama
1979,120,Nineteen Forty-One,Comedy
1975,124,Jaws,Action
1987,93,Hot Pursuit,Drama
1989,120,Triumph of the Spirit,Drama
1975,111,Brannigan,Drama
1979,89,Buffet Froid,Comedy
1986,122,Salvador,Drama
1959,102,Horse Soldiers_ The,Western
1954,108,Long John Silver,Action
1961,134,Hustler_ The,Drama
1983,109,Star Chamber_ The,Drama
1988,100,Clara's Heart,Drama
1987,102,Burglar,Comedy
1986,120,Comic Relief,Comedy
1978,117,Bloodbrothers,Drama
1988,134,Rain Man,Drama
1966,95,Masculine Feminine,Drama
1964,51,Outer Limits_ The,Science Fiction
1988,131,Mama's Dirty Girls,Horror
1979,180,Last Ride of the Dalton Gang_ The,Western
1991,131,Why Me?,Comedy
1932,66,Number Seventeen,Crime
1986,120,Manhunter,Drama
1990,126,Bonfire of the Vanities_ The,Drama
1988,115,Working Girl,Comedy
1992,133,Shining Through,Mystery
1991,76,Slumber Party Massacre III,Horror
1988,99,Tokyo Pop,Comedy
1991,136,Terminator 2,Action
1984,108,Terminator_ The,Action
1986,105,King Kong Lives!,Action
1969,125,Those Daring Young Men in Their Jaunty,Comedy
1991,186,At Play in the Fields of the Lord,Drama
1990,131,Crazy People,Comedy
1992,99,Memoirs of an Invisible Man,Comedy
1985,100,Clan of the Cave Bear_ The,Drama
1983,82,Final Terror_ The,Horror
1984,93,Reckless,Drama
1989,131,High Spirits,Comedy
1987,107,Roxanne,Comedy
1982,117,Blade Runner,Action
1987,126,Wall Street,Drama
1992,111,Pope of Greenwich Village,Drama
1989,89,After School,Drama
1938,298,Flaming Frontiers,Western
1936,89,Libeled Lady,Comedy
1976,99,Inserts,Drama
1988,88,Blue Iguana_ The,Drama
1983,93,Tender Mercies,Drama
1987,96,Nights in White Satin,Drama
1989,87,Videodrome,Horror
1991,96,Intimate Stranger,Mystery
1986,110,Highlander,Science Fiction
1987,93,Bodycount,Action
1989,104,Tango & Cash,Action
1970,94,There's a Girl in My Soup,Comedy
1984,100,Swing Shift,Drama
1978,112,Foul Play,Comedy
1982,109,Best Friends,Comedy
1972,109,Butterflies Are Free,Drama
1987,112,Overboard,Comedy
1974,103,Girl from Petrovka_ The,Drama
1992,102,Housesitter,Comedy
1986,106,Wildcats,Comedy
1984,100,Protocol,Comedy
1980,102,Seems Like Old Times,Comedy
1974,109,Sugarland Express_ The,Drama
1980,110,Private Benjamin,Comedy
1991,115,Deceived,Mystery
1931,95,Arrowsmith,Drama
1972,78,Say Goodbye Maggie Cole,Drama
1964,132,Circus World,Drama
1952,98,Affair in Trinidad,Drama
1948,87,Lady from Shanghai,Mystery
1940,81,Lady in Question,Drama
1946,110,Gilda,Drama
1948,98,Loves of Carmen_ The,Drama
1990,105,Dick Tracy,Comedy
1964,130,Marnie,Drama
1987,85,Hot Child in the City,Mystery
1984,90,Johnny Dangerously,Comedy
1985,95,Stark,Mystery
1949,84,Three Strange Loves,Drama
1964,170,My Fair Lady,Music
1960,123,Unforgiven_ The,Drama
1976,106,Robin & Marian,Action
1961,109,Children's Hour_ The,Drama
1956,121,Rainmaker_ The,Drama
1952,95,Pat & Mike,Comedy
1968,134,Lion in Winter_ THe,Drama
1991,132,Sea of Grass_ The,Western
1967,108,Guess Who's Coming to Dinner,Drama
1957,153,Desk Set,Comedy
1975,107,Rooster Cogburn,Western
1981,109,On Golden Pond,Drama
1991,101,Adam's Rib,Comedy
1991,116,Boom Town,Drama
1991,145,Dragon Seed,Drama
1991,115,Little Women,Drama
1991,113,Philadelphia Story_ The,Comedy
1991,112,Without Love,Comedy
1991,113,Woman of the Year,Comedy
1992,95,Juice,Drama
1986,114,Hoosiers,Drama
1987,112,Tin Men,Comedy
1988,163,Last Temptation of Christ_ The,Drama
1991,99,Paris Trout,Drama
1988,87,Souvenir,Drama
1966,120,A Man for All Seasons,Drama
1986,90,Knights & Emeralds,Drama
1989,83,Masque of the Red Death,Horror
1943,265,Adventures of Smilin' Jack_ The,Mystery
1992,88,Adventures in Dinosaur City,Action
1987,95,Allnighter_ The,Comedy
1980,99,Caddyshack,Comedy
1973,102,Tom Sawyer,Music
1987,94,Rita_ Sue & Bob Too,Comedy
1947,56,Hawk of Powder River,Western
1928,148,Tempest,Drama
1986,90,Running Mates,Drama
1987,105,Prettykill,Drama
1934,80,Judge Priest,Drama
1950,104,Harvey,Comedy
1991,89,If Looks Could Kill,Action
1987,94,Raising Arizona,Comedy
1989,114,Once Around,Comedy
1980,110,Loulou,Drama
1982,136,World According to Garp_ The,Drama
1980,106,Virus,Science Fiction
1940,127,Northwest Passage,Action
1987,112,Gardens of Stone,Drama
1989,121,Enemies_ a Love Story,Drama
1992,102,Addams Family_ The,Comedy
1932,65,Freaks,Horror
1991,108,Necessary Roughness,Comedy
1990,93,A Show of Force,Drama
1980,129,Competition_ The,Drama
1988,97,Crossing Delancey,Comedy
1982,120,State of Things_ The,Drama
1987,89,Business As Usual,Comedy
1973,103,A Touch of Class,Comedy
1970,129,Women in Love.,Drama
1988,89,Salome's Last Dance,Comedy
1986,100,Casino,Mystery
1955,108,Smiles of a Summer Night,Comedy
1989,90,New Year's Day,Comedy
1981,132,Mephisto,Drama
1927,60,Easy Virtue,Mystery
1937,59,Swing It Sailor!,Comedy
1991,83,Strictly Business,Comedy
1983,90,Blame It on Rio,Comedy
1987,86,Straight to Hell,Action
1990,131,A View to a Kill,Action
1986,100,American Anthem,Drama
1963,99,Bedtime Story,Comedy
1991,117,Courtship of Eddie's Father_ The,Comedy
1988,102,Night Train to Katmandu_ THe,Action
1948,100,Port of Call,Drama
1973,103,Paper Moon,Comedy
1983,97,Yellowbeard,Comedy
1975,91,Adventures of Sherlock Holmes' Smarter,Comedy
1990,108,Flashback,Comedy
1977,89,World's Greatest Lover_ The,Comedy
1955,67,Killer's Kiss,Mystery
1988,103,Deceivers_ The,Action
1983,97,Breathless,Action
1989,145,Born on the Fourth of July,Drama
1991,120,Awakenings,Drama
1977,94,Annie Hall,Comedy
1979,96,Manhattan,Comedy
1981,195,Reds,Drama
1986,105,Crimes of the Heart,Comedy
1977,136,Looking for Mr. Goodbar,Drama
1972,175,Godfather_ The,Drama
1974,201,Godfather_ Pt 2._ The,Drama
1976,109,I Will_ I Will...For Now,Comedy
1972,86,Play It Again_ Sam,Comedy
1975,82,Love & Death,Comedy
1973,88,Sleeper,Comedy
1970,130,Fellini Satyricon,Drama
1980,117,Formula_ The,Mystery
1977,143,Black Sunday,Drama
1977,124,Bobby Deerfield,Drama
1972,98,Last of the Red Hot Lovers,Comedy
1953,116,Mogambo,Action
1955,103,To Catch a Thief,Mystery
1954,113,Rear Window,Mystery
1945,69,Woman Who Came Back,Drama
1939,101,Stanley & Livingstone,Action
1956,129,Bad Seed_ The,Horror
1989,113,Lethal Weapon 2,Action
1992,79,Blame It on the Bellboy,Comedy
1927,62,Drop Kick_ The,Drama
1978,145,Superman_ The Movie,Action
1987,90,Superman IV: The Quest for Peace,Action
1970,90,Quackser Fortune Has a Cousin in the Bronx,Comedy
1989,96,Dead Calm,Mystery
1990,107,Days of Thunder,Action
1987,101,My Life As a Dog,Comedy
1983,131,Moon in the Gutter_ The,Action
1984,150,Paris_ Texas,Drama
1984,96,Unfaithfully Yours,Comedy
1987,95,Bullseye!,Comedy
1989,104,Erik the Viking,Action
1987,90,Dragonard,Drama
1986,90,Hard Choices,Drama
1969,102,Rain People_ The,Drama
1984,106,A Year of the Quiet Sun,Drama
1935,54,Desert Trail_ The,Western
1990,98,Almost an Angel,Comedy
1986,98,Crocodile Dundee,Comedy
1977,127,American Friend_ The,Mystery
1989,119,See You in the Morning,Drama
1987,88,Arrogant_ The,Drama
1989,86,Dracula's Widow,Horror
1987,90,Ninja Masters of Death,Action
1990,110,Mystery Train,Comedy
1978,114,Go Tell the Spartans,War
1986,89,True Stories,Comedy
1953,94,Ugetsu Monogatari,Drama
1969,80,Rebel Rousers,Action
1988,98,Plain Clothes,Comedy
1981,119,Whose Life Is It_ Anyway?,Drama
1988,116,Running on Empty,Drama
1990,101,Funny about Love,Comedy
1985,118,A Chorus Line_ The Movie,Music
1986,84,Stewardess School,Comedy
1987,109,Big Town_ The,Drama
1983,94,Rumble Fish,Drama
1983,91,Outsiders_ The,Drama
1990,94,Priceless Beauty,Science Fiction
1989,93,Streets of Fire,Action
1990,115,Men Don't Leave,Drama
1988,127,Everybody's All American,Romance
1992,128,Cape Fear,Mystery
1992,121,Postman Always Rings Twice_ The,Mystery
1949,58,Crashing Thru,Western
1978,109,Get Out Your Handkerchiefs,Comedy
1971,137,Boy Friend_ THe,Music
1990,100,Hard To Kill,Action
1960,109,Psycho,Horror
1957,112,Jet Pilot,Action
1987,95,Under Cover,Mystery
1951,122,A Streetcar Named Desire,Drama
1986,93,Golden Child_ The,Comedy
1971,84,Statue_ The,Drama
1985,128,Christopher Columbus,Drama
1989,116,In Country,Drama
1978,132,Wild Geese_ The,Action
1974,90,Second Coming of Suzanne._ The,Drama
1980,116,Bronco Billy,Westerns
1977,109,Gauntlet_ The,Action
1986,105,Ratboy,Drama
1938,96,Lady Vanishes,Mystery
1987,95,Kitchen Toto_ THe,Drama
1959,88,Carlton-Browne of the F.O.,Comedy
1929,68,Racketeer,Drama
1941,95,Mr. & Mrs. Smith,Comedy
1986,132,Alrededor de Medianoche,Drama
1982,101,Losin' It,Comedy
1987,114,Into the Homeland,Action
1991,60,Boxing Babes,Action
1991,94,Shock 'em Dead,Horror
1960,101,Heller in Pink Tights,Drama
1961,100,Two Women,Drama
1954,107,Gold of Naples_ The,Drama
1963,118,Yesterday_ Today & Tomorrow,Comedy
1957,109,Legend of the Lost,Action
1978,111,Brass Target,Action
1964,188,Fall of the Roman Empire_ The,Drama
1961,172,El Cid,Drama
1958,114,Desire under the Elms,Drama
1953,92,Two Nights with Cleo,Drama
1959,131,Black Orchid_ The,Drama
1977,91,Angela,Drama
1977,105,A Special Day,Drama
1979,112,Blood Feud,Action
1991,145,Sophia Loren_ Her Own Story,Drama
1990,131,Running Away,Drama
1991,130,Man of La Mancha,Music
1992,116,Operation Crossbow,Action
1986,141,Courage,Drama
1986,94,RAD,Action
1992,98,Secret Admirer,Comedy
1979,85,Cocaine Cowboys,Action
1991,118,Test Pilot,Drama
1943,64,Ape Man_ The,Horror
1986,125,Mission_ The,Drama
1991,102,Curly Sue,Comedy
1962,150,Lolita,Drama
1989,101,Sex_ Lies_ and Videotape,Drama
1990,107,Green Card,Comedy
1988,95,Gator Bait II,Action
1979,129,Being There,Comedy
1983,132,Terms of Endearment,Drama
1967,99,Woman Times Seven,Comedy
1968,131,Bliss of Mrs. Blossom_ The,Comedy
1990,101,Postcards from the Edge,Comedy
1970,105,Two Mules for Sister Sara,Western
1992,84,Dragonfight,Drama
1939,85,Back Door to Heaven,Drama
1988,100,Ciao Italia_ Madonna Live from Italy,Music
1991,118,Madonna_ Truth or Dare,Music
1992,60,A Certain Sacrifice,Music
1991,40,National Enquirer_ The Untold Story,Music
1990,60,Immaculate Collection_ The,Music
1987,50,Madonna Live_ The Virgin Tour,Music
1990,5,Madonna_ Justify My Love,Music
1991,16,Madonna_ Like a Virgin,Music
1988,83,Hot to Trot,Comedy
1986,103,Fire with Fire,Drama
1990,120,Hot Spot,Drama
1974,124,Amarcord,Drama
1988,85,Casablanca Express,Action
1980,94,Out of the Blue,Drama
1949,110,Sands of Iwo Jima,War
1981,104,Hand_ The,Horror
1989,81,Deep Cover,Mystery
1955,92,Il Bidone,Drama
1986,130,El Guerrero Solitario,Drama
1986,130,Heartbreak Ridge,War
1977,110,Goodbye Girl_ The,Comedy
1991,113,Audrey Rose,Drama
1981,86,Polyester,Comedy
1991,144,Robin Hood: Prince of Thieves,Action
1992,101,White Sands,Drama
1986,119,Color of Money_ The,Drama
1986,119,Children of a Lesser God,Drama
1986,131,Matador,Comedy
1989,88,Women on the Verge of a Nervous Breakdown,Comedy
1980,86,Pepi Luci Bom,Comedy
1989,100,Forgotten_ The,Mystery
1992,89,Flame & the Arrow_ The,Action
1990,92,After the Shock,Drama
1990,110,Modern Love,Comedy
1992,95,Riff Raff,Comedy
1967,81,Glory Stompers_ The,Action
1990,181,Dances with Wolves,Western
1987,130,Matewan,Drama
1988,120,Mississippi Burning,Drama
1975,130,Eiger Sanction_ The,Action
1988,109,Unsettled Land,Drama
1991,98,Cat Chaser,Drama
1988,110,Accused_ The,Drama
1989,109,Winter People,Drama
1983,101,Reuben_ Reuben,Comedy
1987,102,Made in Heaven,Fantasy
1986,109,Top Gun,Action
1985,112,Witness,Drama
1988,111,House on Carroll Street_ The,Mystery
1984,109,Racing with the Moon,Drama
1983,98,Lovesick,Comedy
1988,106,She's Having a Baby,Comedy
1965,199,Greatest Story Ever Told_ The,Drama
1989,105,Hawks,Drama
1981,91,So Fine,Comedy
1957,89,Paths of Glory,Drama
1964,120,Tom Jones,Drama
1975,103,Sunshine Boys_ The,Comedy
1988,98,Caddyshack 2,Comedy
1990,117,Internal Affairs,Drama
1991,206,JFK,Drama
1991,97,New Jack City,Action
1991,87,Scenes from a Mall,Comedy
1987,118,Hope & Glory,War
1970,194,Ryan's Daughter,Drama
1973,127,Man Who Loved Cat Dancing_ The,Western
1962,123,Man Who Shot Liberty Valance_ The,Western
1989,102,Dead-Bang,Action
1988,90,Big Top Pee-wee,Comedy
1960,103,Time Machine_ The,Science Fiction
1972,128,Cabaret,Drama
1981,97,Arthur,Comedy
1976,97,A Matter of Time,Drama
1977,137,New York_ New York,Drama
1989,89,Nightmare on Elm Street_ Pt. 5_ The Dream Child,Horror
1980,100,Fiendish Plot of Dr. Fu Manchu_ The,Comedy
1991,240,Four American Composers,Music
1950,112,Asphalt Jungle_ The,Action
1992,61,Ladies of the Chorus,Music
1953,95,How to Marry a Millionaire,Comedy
1983,131,Hollywood Out-Takes & Rare Footage,Comedy
1991,94,Nothing But Trouble,Comedy
1987,109,Wisdom,Action
1986,94,One Crazy Summer,Comedy
1989,110,We're No Angels,Comedy
1984,102,No Small Affair,Comedy
1990,127,Ghost,Science Fiction
1986,113,About Last Night,Drama
1982,107,Six Weeks,Drama
1948,89,Return of October,Comedy
1952,99,Come Back_ Little Sheba,Drama
1974,117,Going Places,Drama
1970,99,Monte Walsh,Western
1955,100,Mr. Arkadin,Drama
1988,131,White of the Eye,Mystery
1968,90,Producers_ The,Comedy
1976,94,Front_ The,Drama
1987,86,House of the Rising Sun,Drama
1988,91,In a Shallow Grave,Drama
1974,111,Mc Q,Action
1941,85,Lady from Louisiana,Drama
1990,102,Wait Until Spring Bandini,Drama
1940,105,Long Voyage Home_ The,Drama
1955,100,Trouble with Harry_ The,Mystery
1987,60,Encounters,Drama
1963,112,Hud,Drama
1951,111,Operation Pacific,War
1987,83,Surf Nazis Must Die,Horror
1956,124,Teahouse of the August Moon,Drama
1992,88,Back in the U.S.S.R.,Action
1970,91,Man Who Haunted Himself_ The,Drama
1991,108,Prisoner of Honor.,Drama
1988,83,Control,Drama
1923,57,Desert Rider,Western
1980,109,Wholly Moses!,Comedy
1991,110,Star Trek VI: The Undiscovered Country,Science Fiction
1989,107,Star Trek V: The Final Frontier,Action
1991,85,Circuitry Man,Action
1986,87,Cobra,Action
1987,103,Beverly Hills Cop II,Comedy
1990,90,Red Sonja,Action
1950,93,To Joy,Drama
1992,112,Macbeth,Drama
1958,128,Vertigo,Drama
1987,91,Young Love: Lemon Popsicle Seven,Comedy
1946,93,Crack-Up,Mystery
1941,57,Bury Me Not on the Lone Prairie,Western
1940,57,Law & Order,Western
1941,56,Man from Montana,Western
1992,137,Long Gray Line_ The,Drama
1950,105,Rio Grande,Western
1957,107,Wings of Eagles_ The,Drama
1939,94,Jamaica Inn,Drama
1971,110,Big Jake,Action
1992,153,Quiet Man_ The,Drama
1983,72,After the Rehearsal,Drama
1952,90,Big Jim McLain,Western
1969,101,Smith!,Western
1953,79,Wild One_ The,Drama
1929,129,Manxman_ The,Drama
1978,126,International Velvet,Drama
1981,104,Scanners,Horror
1986,98,Trick or Treat,Horror
1982,92,48 Hrs.,Action
1985,108,Trip to Bountiful_ The,Drama
1955,116,Mister Roberts,Comedy
1969,127,Z,Drama
1987,139,Maurice,Drama
1969,114,Hamlet,Drama
1991,117,La Femme Nikita,Drama
1993,95,Honeymoon in Vegas,Comedy
1988,90,Going for the Gold,Action
1976,128,Shout at the Devil,Action
1986,94,A Smoky Mountain Christmas,Music
1984,95,Getting Physical,Drama
1990,95,Torn Apart,Drama
1986,112,From the Hip,Comedy
1984,102,Ratings Game_ The,Comedy
1992,100,Class Act,Drama
1986,89,Water,Comedy
1978,88,Silent Movie,Comedy
1989,122,Pink Cadillac,Comedy
1979,94,Jerk_ The,Comedy
1980,180,Wild Times,Unknown
1986,107,Sweet Liberty,Comedy
1982,115,Grease II,Music
1989,104,Married to the Mob,Comedy
1985,121,Ladyhawke,Adventure
1989,114,Fabulous Baker Boys_ The,Drama
1985,115,Into the Night,Comedy
1991,124,Russia House_ The,Drama
1988,116,Tequila Sunrise,Mystery
1989,74,B. A. D. Cats,Action
1971,108,Last Movie_ The,Drama
1973,106,Dillinger,Drama
1988,360,Little Dorrit,Drama
1927,78,My Best Girl,Drama
1989,93,Seizure,Horror
1990,89,A Chorus of Disapproval,Comedy
1962,119,Rome Adventure,Drama
1992,121,Drowning by Numbers,Mystery
1991,88,Born to Ride,Action
1988,94,Her Alibi,Comedy
1988,96,Glitz,Mystery
1990,95,Dangerous Pursuit,Mystery
1962,123,Experiment in Terror,Mystery
1972,105,Hideaways_ The,Comedy
1965,108,What's New Pussycat,Comedy
1965,108,What's New Pussycat?,Comedy
1983,98,Packin' It In,Comedy
1988,90,Naked Gun: From the Files of Police Squad!_ THe,Comedy
1990,106,In Too Deep,Drama
1988,107,Twins,Comedy
1988,94,Experts_ The,Comedy
1989,94,Naked Lie,Drama
1987,87,Mistress,Drama
1992,131,Pleasure Palace,Action
1970,100,Adam at 6 A.M.,Drama
1990,93,Web of Deceit,Drama
1991,119,New York Stories,Comedy
1987,97,Dreams Lost_ Dreams Found,Drama
1987,103,Au Revoir les Enfants,Drama
1989,122,Quo Vadis,Drama
1949,100,Fighting Kentuckian_ The,Action
1974,104,Zardoz,Science Fiction
1989,84,Police Academy 6: City under Siege,Comedy
1988,90,Police Academy 5: Assignment Miami Beach,Comedy
1986,84,Police Academy 3: Back in Training,Comedy
1991,60,America's Music_ Blues,Music
1977,100,Julia,Drama
1971,111,Devils_ The,Drama
1984,90,Ransom,Drama
1990,97,Cadillac Man,Comedy
1986,104,Best of Times_ The,Comedy
1985,135,Death of a Salesman,Drama
1993,104,It Started with a Kiss,Drama
1989,88,Money_ The,Drama
1987,153,Empire of the Sun,Drama
1991,102,Comfort of Strangers_ The,Mystery
1969,135,On Her Majesty's Secret Service,Action
1986,96,Pretty in Pink,Drama
1987,90,PK. & the Kid.,Drama
1943,60,Lone Star Trail_ The,Western
1986,98,Summer,Comedy
1987,93,Planes_ Trains & Automobiles,Comedy
1990,119,Pretty Woman,Comedy
1991,111,Flatliners,Drama
1991,142,Hook,Action
1940,56,Riders of Pasco Basin,Western
1992,53,Gotta Dance_ Gotta Sing,Music
1990,106,Desperate Hours,Mystery
1986,111,Gung Ho,Comedy
1992,96,Shooting Elizabeth,Mystery
1951,101,Strangers on a Train,Mystery
1979,198,Sacketts_ The,Western
1991,87,To Die Standing,Action
1980,92,Rodeo Girl,Drama
1969,110,Butch Cassidy & the Sundance Kid,Western
1968,121,Hellfighters,Action
1980,92,Final Countdown_ The,Action
1986,120,Blue Velvet,Mystery
1989,110,Cousins,Comedy
1976,90,Black & White in Color,Comedy
1988,81,Another Woman,Drama
1992,128,Night on Earth,Drama
1988,92,Permanent Record,Drama
1992,138,Fisher King_ The,Drama
1991,98,Another You,Comedy
1958,167,Young Lions_ The,Drama
1988,89,Cheerleader Camp,Horror
1990,98,Trapper County War,Action
1947,96,Angel & the Badman,Western
1990,109,Impulse,Mystery
1988,91,Track Twenty-Nine,Drama
1991,110,Freejack,Action
1939,109,John Wayne Matinee Double Feature_ No. 1,Western
1988,81,Smallest Show on Earth_ The,Comedy
1987,120,Innerspace,Science Fiction
1988,97,Presidio_ The,Action
1990,102,Joe Versus the Volcano,Comedy
1991,135,Doors_ The,Drama
1990,98,Welcome Home_ Roxy Carmichael,Comedy
1972,99,Cancel My Reservation,Comedy
1991,135,North by Northwest,Mystery
1966,127,Russians Are Coming_ the Russians Are_ The,Comedy
1992,213,Exodus,Drama
1982,128,Ballad of Narayama_ The,Drama
1985,96,Out of the Darkness,Mystery
1971,90,Garden of the Finzi-Continis_ The,Drama
1974,105,Steppenwolf,Drama
1973,100,Mackintosh Man_ The,Action
1968,105,Partner,Drama
1970,107,Conformist_ The,Drama
1971,102,Dirty Harry,Drama
1986,103,Ferris Bueller's Day Off,Comedy
1986,89,Legend,Science Fiction
1984,110,Buddy System_ The,Drama
1989,97,A Dry White Season,Drama
1975,105,Rocky Horror Picture Show_ The,Music
1968,360,War & Peace,Drama
1992,96,Defense of the Realm,Drama
1991,90,Basil The Rat,Comedy
1979,90,Fawlty Towers_ Gourmet Night_ Waldorf Salad & The Kipper & the Corpse,Comedy
1991,80,Going Under,Comedy
1990,83,U S. Sub Standard.,Comedy
1990,131,Hells Angels on Wheels,Action
1975,118,Passenger_ The,Drama
1973,127,Last Tango in Paris,Drama
1987,155,Indigo Autumn & Lilac Dream,Drama
1924,95,Kriemhild's Revenge_ The Nibelungenlied,Drama
1966,102,Johnny Tiger,Drama
1986,90,Head Office,Comedy
1990,131,Live & Let Die,Action
1972,100,Le Charme Discret de la Bourgeoisie,Comedy
1986,83,Blue City,Action
1983,123,Bad Boys,Drama
1986,82,Whoopee Boys_ The,Comedy
1971,118,Last Picture Show_ The,Drama
1988,93,Diamond Trap_ The,Drama
1981,115,Endless Love,Drama
1976,90,Rocky,Drama
1988,103,Cocktail,Drama
1936,77,Sabotage,Mystery
1977,105,Madame Rosa,Drama
1985,56,Fozzie's Muppet Scrapbook,Comedy
1954,110,Desiree,Drama
1960,185,Spartacus,Drama
1955,150,Guys & Dolls,Comedy
1992,95,Until They Sail,Drama
1988,116,Coming to America,Comedy
1963,93,Lilies of the Field,Drama
1987,99,River's Edge,Drama
1986,93,Ruthless People,Comedy
1987,110,Secret of My Success_ The,Comedy
1965,128,Shop on Main Street_ The,Drama
1988,101,Funny Farm,Comedy
1988,120,Lonely Passion of Judith Hearne_ The,Drama
1978,103,California Suite,Comedy
1986,97,Maximum Overdrive,Horror
1985,116,Pale Rider,Western
1990,88,Kissing Place_ The,Drama
1986,90,French Lesson,Comedy
1985,88,Roller Blade,Action
1964,101,A Shot in the Dark,Comedy
1979,88,Treasure Seekers_ The,Action
1982,122,Missing,Drama
1989,99,Picasso Trigger,Action
1987,97,Hard Ticket to Hawaii,Action
1990,131,Diamonds are Forever,Action
1933,72,Baby Face,Drama
1992,95,Violent Men_ The,Action
1985,117,Cocoon,Science Fiction
1986,96,Clockwise,Comedy
1993,103,Romantic Comedy,Comedy
1981,111,Outland,Science Fiction
1967,114,Hang 'em High,Western
1992,123,Basic Instinct,Mystery
1990,113,Total Recall,Action
1987,115,Stakeout,Comedy
1992,104,Unnamable II_ The Statement of Randolph Carter_ The,Drama
1967,85,Trip_ The,Drama
1987,135,Ironweed,Drama
1979,131,Kramer vs. Kramer,Drama
1988,131,Still of the Night,Mystery
1991,112,Defending Your Life,Comedy
1978,183,Deer Hunter_ The,Drama
1984,106,Falling in Love,Drama
1986,108,Heartburn,Comedy
1983,131,Silkwood,Drama
1982,151,Sophie's Choice,Drama
1985,161,Out of Africa,Drama
1981,127,French Lieutenant's Woman_ The,Drama
1985,124,Plenty,Drama
1988,122,A Cry in the Dark,Drama
1989,99,She-Devil,Comedy
1992,103,Death Becomes Her,Drama
1991,28,Kids & Pesticides,Drama
1970,129,On a Clear Day You Can See Forever,Music
1987,100,Nuts,Drama
1983,134,Yentl,Music
1968,151,Funny Girl,Music
1990,97,Fellow Traveller,Drama
1970,140,Dodesukaden,Drama
1987,131,Sicilian_ The,Drama
1941,117,So Ends Our Night,Drama
1984,102,Sword of the Valiant,Action
1949,78,Devil's Wanton_ The,Drama
1989,99,Driving Miss Daisy,Drama
1991,111,Seventh Cross_ The,Drama
1983,105,Between Friends,Drama
1957,173,Raintree County,Drama
1975,101,Driver's Seat_ The,Drama
1967,109,Reflections in a Golden Eye,Drama
1972,110,X_ Y & Zee,Drama
1968,109,Secret Ceremony,Drama
1963,243,Cleopatra,Drama
1950,131,Father of the Bride,Comedy
1992,130,Who's Afraid of Virginia Woolf?,Drama
1977,110,A Little Night Music,Music
1956,201,Giant,Drama
1985,94,Rumor Mill_ The,Drama
1943,90,Lassie Come Home,Drama
1993,76,Return Engagement,Drama
1972,108,Hammersmith Is Out,Drama
1991,60,Super Duper Bloopers,Comedy
1991,131,Elizabeth Taylor Collection_ The,Drama
1973,99,Ash Wednesday,Drama
1991,117,Last Time I Saw Paris_ The,Drama
1931,125,Cimarron,Western
1992,83,Apache Woman,Western
1984,131,Gary Numan - Berzerker,Music
1988,101,Mystic Pizza,Comedy
1991,95,Dogfight,Action
1935,234,Adventures of Rex & Rinty_ The,Western
1988,60,Daphnis & Chloe,Music
1980,97,Marathon,Comedy
1948,127,Fort Apache,Western
1937,100,Wee Willie Winkie,Drama
1987,91,Big Shots,Action
1988,85,Doin' Time on Planet Earth,Comedy
1983,91,All the Right Moves,Drama
1987,93,Some Kind of Wonderful,Drama
1990,87,All New Tales from the Crypt_ A Trilogy,Horror
1985,116,Back to the Future,Comedy
1963,80,Winter Light,Drama
1963,95,Silence_ The,Drama
1959,100,Magician_ The,Drama
1961,154,Four Horsemen of the Apocalypse_ The,Drama
1986,99,Critical Condition,Comedy
1989,88,Center of the Web,Mystery
1990,110,Border Shootout,Action
1989,109,Lean on Me,Drama
1986,221,On Wings of Eagles,Drama
1941,94,Texas,Western
1939,80,Allegheny Uprising,Drama
1940,95,Dark Command,Western
1986,103,Peggy Sue Got Married,Drama
1989,84,Dear America_ Letters Home from Vietnam,War
1985,130,Prizzi's Honor,Comedy
1983,90,Man with Two Brains_ The,Comedy
1984,101,Crimes of Passion,Drama
1985,106,Jewel of the Nile_ The,Action
1984,106,Romancing the Stone,Action
1988,121,Accidental Tourist_ The,Comedy
1955,117,Sea Chase_ The,War
1958,98,Another Time_ Another Place,Drama
1988,90,Cannibal Women in the Avocado Jungle of Death,Comedy
1986,91,Mr Love.,Comedy
1968,139,2001: A Space Odyssey,Science Fiction
1966,81,Persona,Drama
1973,131,Scenes from a Marriage,Drama
1968,88,Hour of the Wolf,Drama
1969,101,Passion of Anna_ The,Drama
1984,96,Dangerous Moves,Drama
1957,147,Sayonara,Drama
1968,158,Where Eagles Dare,War
1985,95,Teen Wolf,Drama
1990,88,Amazon,Action
1973,131,Paper Chase_ The,Drama
1959,88,Virgin Spring_ The,Drama
1970,97,Spider's Stratagem,Drama
1971,102,Play Misty for Me,Mystery
1981,88,Going Ape,Comedy
1967,127,Cool Hand Luke,Drama
1988,89,Phantom of the Ritz,Horror
1990,85,Crash & Burn,Science Fiction
1991,114,After Dark My Sweet,Mystery
1992,121,Christopher Columbus: The Discovery,Adventure
1986,109,Young Sherlock Holmes,Mystery
1991,104,Doc Hollywood,Comedy
1988,96,Baja Oklahoma,Comedy
1986,137,Aliens,Science Fiction
1992,115,Alien Three,Science Fiction
1997,109,Alien: resurrection,Science Fiction
1979,117,Alien,Science Fiction
1985,97,One Woman or Two,Comedy
1984,96,Soggy Bottom U. S. A.,Comedy
1973,96,Bang the Drum Slowly,Drama
1974,82,Catamount Killing_ The,Action
1972,92,Fuzz,Action
1966,101,Shoot Loud_ Louder_ I Don't Understand!,Mystery
1967,107,Bedazzled,Comedy
1977,120,Prince & the Pauper_ The,Action
1969,110,One Hundred Rifles,Western
1975,90,Wild Party_ The,Drama
1968,106,Bandolero!,Western
1973,119,Last of Sheila_ The,Mystery
1972,87,Hannie Caulder,Drama
1990,131,Sounds of the Seventies...& the Beat Goes,Music
1988,161,Bird,Drama
1955,60,Meet Millie,Drama
1987,88,Hell Comes to Frogtown,Science Fiction
1966,126,Fortune Cookie_ The,Comedy
1990,92,Sun Shines Bright_ The,Action
1987,106,Squeeze_ The,Action
1970,91,Start the Revolution Without Me,Comedy
1989,107,Major League,Comedy
1990,108,Bright Lights_ Big City,Drama
1987,97,Lost Boys_ The,Horror
1989,93,Cookie,Comedy
1974,114,Conversation_ The,Drama
1973,112,American Graffiti,Comedy
1953,96,Dangerous When Wet,Music
1980,111,Stir Crazy,Comedy
1989,91,Young Einstein,Comedy
1956,83,Killing_ The,Drama
1973,102,Cahill_ United States Marshal,Western
1989,90,Savage Intruder_ The,Horror
1992,139,Sheltering Sky_ The,Drama
1982,125,An Officer & a Gentleman,Drama
1987,101,Black Widow,Mystery
1986,116,Legal Eagles,Comedy
1970,90,Bloody Mama,Action
1965,106,A Patch of Blue,Drama
1955,109,I Died a Thousand Times,Drama
1977,90,Tentacles,Horror
1968,100,Scalphunters_ The,Western
1992,96,A Day in October,Drama
1964,102,A Fistful of Dollars,Westerns
1985,94,My Science Project,Comedy
1991,160,Great Race_ The,Comedy
1956,119,Searchers_ The,Western
1979,105,Meteor,Action
1955,111,Rebel Without a Cause,Drama
1961,153,West Side Story,Music
1970,110,Trash,Comedy
1966,95,A Big Hand for the Little Lady,Comedy
1966,104,A Fine Madness,Comedy
1987,134,Glass Menagerie_ The,Drama
1989,117,Harry & Son,Drama
1968,102,Rachel_ Rachel,Drama
1961,98,Paris Blues,Drama
1960,135,Fugitive Kind_ The,Drama
1993,131,Mr. & Mrs. Bridge,Drama
1991,144,State of Grace,Drama
1943,108,Shadow of a Doubt,Drama
1950,85,Men_ The,Drama
1950,110,Stage Fright,Mystery
1947,103,Magic Town,Drama
1975,93,That Lucky Touch,Action
1949,90,Lust for Gold,Drama
1987,103,Heat,Mystery
1993,75,Employee's Entrance,Drama
1947,87,Night Is My Future,Drama
1990,92,Witches_ The,Science Fiction
1953,94,Vera Cruz,Action
1954,91,Apache,Western
1977,146,Twilight's Last Gleaming,Drama
1979,119,Frisco Kid_ The,Comedy
1954,30,Bank on the Stars,Drama
1987,100,Law of Desire,Drama
1966,103,Quiller Memorandum_ The,Mystery
1962,183,Longest Day_ The,War
1986,128,Name of the Rose_ The,Drama
1988,92,Bloodsport,Action
1986,85,Torment,Horror
1988,138,Pelle the Conqueror,Drama
1981,118,Taps,Drama
1991,102,Freshman_ The,Comedy
1987,164,Last Emperor_ The,Drama
1962,100,Grim Reaper_ The,Drama
1983,90,Le Dernier Combat,Drama
1989,91,Too Beautiful for You,Drama
1991,105,Fire_ Ice & Dynamite,Action
1963,113,Heavens Above,Comedy
1961,141,One Eyed Jacks,Western
1937,61,Swing It_ Sailor!,Comedy
1987,94,Wolf at the Door_ The,Drama
1936,87,Modern Times,Comedy
1991,114,Thunderbolt & Lightfoot,Action
1931,87,A Nous la Liberte,Drama
1979,95,Scum,Action
1984,90,Inside Man_ The,Action
1979,153,Apocalypse Now,Drama
1990,94,Bellboy & the Playgirls_ The,Drama
1963,81,Terror_ The,Horror
1963,86,Raven_ The,Horror
1975,87,They Came from Within,Horror
1986,97,Boy in Blue_ The,Drama
1991,87,Killer Tomatoes Strike Back,Comedy
1979,87,Attack of the Killer Tomatoes,Comedy
1987,119,Untouchables_ The,Drama
1986,91,Wise Guys,Comedy
1989,90,American Autobahn,Drama
1990,94,Final Alliance_ The,Action
1984,130,Bounty_ The,Drama
1974,89,Little Prince_ The,Music
1975,94,Posse,Western
1982,136,Firefox,Action
1987,91,Penitentiary III,Action
1993,131,Ginger & Fred,Comedy
1966,107,Wrong Box_ The,Comedy
1990,86,Wagonmaster,Western
1945,135,They Were Expendable,War
1991,125,Last Hurrah_ The,Drama
1949,59,Law of the Golden West,Western
1949,60,Pioneer Marshal,Western
1949,60,Ranger of the Cherokee Strip,Western
1950,60,Vanishing Westerner,Western
1948,59,Bandits of Dark Canyon,Western
1948,60,Bold Frontiersman_ The,Western
1948,59,Wild Frontier_ The,Western
1968,73,Firemen's Ball_ The,Comedy
1983,112,Local Hero,Comedy
1971,104,French Connection_ The,Drama
1985,114,To Live & Die in L. A.,Action
1961,113,Ferry to Hong Kong,Drama
1983,69,Eddie Murphy_ Delirious,Comedy
1984,77,Secret Policeman's Private Parts_ The,Comedy
1958,83,Up the Creek,Comedy
1982,111,Yol,Drama
1989,150,Sara Dane,Drama
1988,84,Night Tide,Drama
1953,92,His Majesty O'Keefe,Action
1960,122,North to Alaska,Western
1966,76,Flight to Fury,Action
1966,82,Ride in the Whirlwind,Western
1970,93,Powderkeg,Western
1953,95,I Confess,Drama
1935,88,Thirty-Nine Steps_ The,Science Fiction
1969,126,Topaz,Mystery
1930,95,Murder,Mystery
1954,123,Dial M for Murder,Mystery
1937,80,Young & Innocent,Mystery
1976,95,Creature from Black Lake,Horror
1981,124,Chariots of Fire,Drama
1982,81,Monty Python Live at the Hollywood Bowl,Comedy
1975,129,Man Who Would Be King_ The,Drama
1981,117,Victory,Drama
1970,146,Kelly's Heroes,War
1989,109,Next of Kin,Mystery
1990,96,Chattahoochee,Drama
1985,82,Angelic Conversation_ The,Comedy
1986,107,Down by Law,Comedy
1984,141,Killing Fields_ The,Drama
1992,85,Survival Zone,Action
1979,94,Monty Python's Life of Brian,Comedy
1983,107,Monty Python's the Meaning of Life,Comedy
1971,121,Red Tent_ The,Action
1945,82,Dakota,Western
1952,112,Viva Zapata!,Drama
1968,133,Green Berets_ The,War
1990,90,Big Bad John,Action
1937,71,Ticket of Leave Man_ The,Mystery
1956,106,D-Day_ The Sixth of June,War
1974,121,Apprenticeship of Duddy Kravitz_ The,Drama
1971,138,A Clockwork Orange,Science Fiction
1991,117,Full Metal Jacket,War
1943,82,Sanshiro Sugata,Drama
1991,97,Rhapsody in August,Drama
1946,110,No Regrets for Our Youth,Drama
1960,152,Bad Sleep Well_ The,Drama
1951,166,Idiot_ The,Drama
1951,83,Rashomon,Drama
1962,96,Sanjuro,Mystery
1955,200,Seven Samurai,Drama
1957,110,Throne of Blood,Drama
1961,110,Yojimbo,Action
1980,161,Kagemusha,Drama
1952,134,Ikiru,Drama
1987,90,Empire of Spiritual Ninja,Action
1986,90,Ninja_ the Violent Sorcerer,Action
1926,139,Metropolis,Science Fiction
1946,106,Cloak & Dagger,Mystery
1920,137,Spiders,Drama
1954,90,Human Desire,Drama
1928,130,Spies,Drama
1933,120,Testament of Dr. Mabuse_ The,Drama
1991,95,Fury,Drama
1990,129,Mo' Better Blues,Drama
1989,30,Matt Talbot,Drama
1989,55,Will Rogers_ Look Back in Laughter,Comedy
1991,130,For a Few Dollars More,Westerns
1944,139,Thirty Seconds over Tokyo,War
1982,93,Class of 1984,Drama
1974,109,Juggernaut,Action
1987,120,Good Morning_ Vietnam,Comedy
1945,94,Blood on the Sun,Drama
1969,161,Paint Your Wagon,Music
1964,105,Ensign Pulver,Comedy
1976,92,Street People,Action
1984,83,Manhunt_ The,Action
1987,85,Operation Nam,War
1944,100,Fighting Seabees_ The,War
1988,75,Let It Rock,Drama
1978,90,Eraserhead,Horror
1955,87,Ladykillers_ The,Comedy
1957,97,Sweet Smell of Success,Drama
1971,88,And Now for Something Completely Different,Comedy
1984,92,Crackers,Action
1991,89,Green Glove,Drama
1970,89,Menace on the Mountain,Action
1940,90,In Old California,Western
1967,85,Thirty Is a Dangerous Age_ Cynthia,Comedy
1980,99,Ffolkes,Action
1970,111,Chisum,Western
1990,135,Hunt for Red October_ The,Drama
1966,123,Closely Watched Trains,Drama
1973,91,Executive Action,Drama
1942,101,Flying Tigers,Action
1991,87,Father's Little Dividend,Comedy
1982,92,An Evening with Robin Williams,Comedy
1987,90,Eddie Murphy Raw,Comedy
1989,118,Harlem Nights,Comedy
1973,93,Santee,Western
1987,90,Good Father_ The,Drama
1971,115,Sometimes a Great Notion,Drama
1970,117,Catch Twenty-Two,Comedy
1988,90,Dark Age,Action
1981,94,Deadline,Mystery
1935,60,Mysterious Mr. Wong,Mystery
1988,92,A Month in the Country,Drama
1990,97,Prom Night III_ The Last Kiss,Horror
1990,131,Blood in_ Blood Out,Drama
1989,94,Wrong Arm of the Law_ The,Comedy
1987,116,Orphans,Drama
1976,139,All the President's Men,Drama
1987,73,J-Men Forever,Action
1969,144,Wild Bunch_ The,Western
1988,92,Judgement in Berlin,Drama
1993,131,Hot Line_ The,Comedy
1988,100,Rocket Gibraltar,Drama
1975,112,Yakuza_ The,Action
1972,116,Jeremiah Johnson,Drama
1970,112,Burn!,Drama
1973,122,Magnum Force,Action
1989,86,Cyborg,Action
1979,108,Prisoner of Zenda_ The,Comedy
1983,86,Scream,Horror
1986,140,Assault_ The,Drama
1951,102,Flying Leathernecks,Action
1985,92,What Comes Around,Drama
1980,123,Mon Oncle D'Amerique,Comedy
1972,92,Culpepper Cattle Company_ The,Western
1983,102,Survivors_ The,Comedy
1984,96,Roadhouse Sixty-Six,Action
1991,60,Burning Poles_ Cecil Taylor in Performance,Music
1987,98,Russkies,Action
1990,96,My Blue Heaven,Comedy
1990,103,Altered States,Science Fiction
1972,128,Cowboys_ The,Western
1985,95,Code Name_ Emerald,Drama
1970,170,Patton,War
1969,123,Midnight Cowboy,Drama
1985,131,Falcon & the Snowman_ The,Drama
1976,112,Maitresse,Drama
1987,86,Disorderlies,Comedy
1991,131,Raging Bull,Drama
1991,60,Garrison Keillor's Home,Comedy
1938,55,Overland Stage Raiders,Western
1938,55,Pals of the Saddle,Western
1982,92,Alone in the Dark,Horror
1971,109,Beguiled_ The,Drama
1979,112,Escape from Alcatraz,Drama
1948,88,Criss Cross,Drama
1976,132,Midway,War
1990,126,Indiana Jones & the Last Crusade,Action
1993,90,Duel,Mystery
1991,193,Separate but Equal,Drama
1924,123,Gosta Berling's Saga,Drama
1986,120,Platoon,Drama
1963,89,Crawling Hand_ The,Science Fiction
1971,100,Willy Wonka & the Chocolate Factory,Music
1971,88,Joe Kidd,Western
1985,104,Santa Claus_ The Movie,Comedy
1938,96,Boys Town,Drama
1990,59,Erasure_ Live Wild!,Music
1982,150,A Question of Honor,Drama
1947,61,Check Your Guns,Western
1947,56,West to Glory,Western
1937,60,Throwback_ The,Western
1992,54,Border Feud,Action
1947,58,Fighting Vigilantes_ The,Western
1947,53,Law of the Lash,Western
1949,66,Outlaw Country,Western
1992,53,Return of the Lash,Action
1937,60,Mystery of the Hooded Horsemen,Western
1937,60,Tex Rides with the Boy Scouts,Western
1949,59,Shadows of the West,Western
1991,102,Instant Karma,Comedy
1957,73,Time Lock,Drama
1953,79,Appointment in Honduras,Drama
1982,136,Danton,Drama
1960,164,Alamo_ The,Action
1986,91,La Chevre_ (The Goat),Drama
1985,109,Les Comperes,Comedy
1990,128,Dead Poets Society,Drama
1952,93,Othello_ The Lost Masterpiece,Drama
1949,119,Battleground_ The,War
1976,176,Kings of the Road (In the Course of Time),Drama
1990,98,Hiroshima,Drama
1982,111,Return of Martin Guerre_ The,Drama
1956,97,Somebody up There Likes Me,Drama
1955,57,Jack Benny Show,Comedy
1962,182,Mutiny on the Bounty,Action
1989,131,Death Valley Days_ Deadly Decision,Western
1986,60,Monty Python's Flying Circus,Comedy
1986,60,Monty Python's Flying Circus_ Vol 1.,Comedy
1986,59,Monty Python's Flying Circus_ Vol 2.,Comedy
1986,58,Monty Python's Flying Circus_ Vol 3.,Comedy
1990,131,Valkenvania,Comedy
1982,101,Secret Policeman's Other Ball_ The,Comedy
1981,127,Taming of the Shrew_ The,Drama
1964,131,From Russia with Love,Action
1993,108,Offence_ The,Mystery
1992,60,Hollywood Mavericks,Comedy
1990,60,Live at Harrah's,Comedy
1992,52,Persuaders_ The Overture_ The,Mystery
1977,255,Nineteen Hundred,Drama
1989,90,Van_ The,Comedy
1972,15,My Country Right or Wrong,War
1991,131,Clint Eastwood Collection_ The,Westerns
1991,131,Complete Dirty Harry_ Magnum Force_ The,Action
1992,92,Dead Pool_ The,Action
1992,163,Good_ the Bad & the Ugly_ The,Westerns
1959,60,Rawhide_ Premiere Episode,Western
1992,118,Tightrope,Mystery
1987,95,Hearts of Fire,Drama
1992,165,How the West Was Won,Western
1992,131,Mummy's Hand_ The,Mystery
1993,88,Great White Death,Action
1986,119,Mosquito Coast_ The,Drama
1993,102,Today We Kill....Tomorrow We Die,Western
1991,131,Tormenta Sobre Arizona,Drama
1989,116,Back to the Future II,Comedy
1959,60,Maverick_ Duel at Sundown,Western
1983,131,Shakespeare Series,Drama
1973,105,Deadly Trackers,Western
1992,72,American Film Institute_ Alfred Hitchcock,Mystery
1990,131,A Married Man,Drama
1982,208,Othello,Drama
1975,85,Only Way Home_ The,Drama
1953,120,Tales of Tomorrow,Horror
1991,128,Inherit the Wind,Drama
1990,45,This Is Horror,Horror
1992,112,Conversation Piece,Drama
1992,105,Crimson Pirate_ The,Action
1992,83,Devil's Disciple_ The,Mystery
1992,166,Hallelujah Trail_ The,Drama
1992,133,Train_ The,Action
1986,49,Jay Leno: The American Dream,Comedy
1990,92,Primal Rage,Mystery
1990,50,Industrial Symphony_ The Dream of the Broken-Hearted,Music
1986,52,Howie Mandel's North American Watusi Tour,Comedy
1989,90,Branford Marsalis_ Steep,Music
1991,98,L. A. Story,Comedy
1986,60,Steve Martin Live!,Comedy
1974,60,Steve Martin_ The Funnier Side of Eastern Canada,Comedy
1993,131,Runaway Barge_ The,Action
1992,101,Romulus & the Sabines,Action
1989,131,Saint_ The,Mystery
1983,91,Strange Brew,Comedy
1990,98,Another Forty-Eight Hours,Action
1989,131,Best of Eddie Murphy_ Saturday Night Live_ The,Comedy
1991,99,What about Bob?,Comedy
1953,91,Mummy's Revenge_ The,Horror
1992,121,Harper,Mystery
1992,102,Left Handed Gun_ The,Western
1989,131,Once upon a Wheel,Action
1992,136,Prize_ The,Drama
1968,131,Secret War of Harry Frigg_ The,Comedy
1990,131,Two Jakes_ The,Mystery
1989,61,Exile in Concert,Music
1987,60,Joe Piscopo New Jersey Special,Comedy
1991,60,Joe Piscopo Video_ The,Comedy
1989,131,Death Valley Days_ No Gun Behind His Badge,Western
1988,96,Salsa: The Motion Picture,Drama
1991,80,Hollywood's Greatest War Movies,War
1991,91,Out for Justice,Action
1956,27,Case of the Mukkinese Battle Horn_ The,Comedy
1953,75,Goon Show Movie_ The,Comedy
1975,95,Great McGonagall_ The,Comedy
1991,101,I'm All Right Jack,Comedy
1991,101,Magic Christian_ The,Comedy
1960,91,Never Let Go,Action
1991,121,Pink Panther_ The,Comedy
1991,84,Two-Way Stretch,Comedy
1988,65,Face at the Window_ The,Horror
1958,92,Tom Thumb,Science Fiction
1989,90,Beartooth,Action
1979,90,James Taylor in Concert,Music
1942,253,Gangbusters,Drama
1992,131,El Rublo de las Dos Caras,Action
1992,87,Law & Jake Wade_ The,Drama
1967,105,Chuka,Western
1980,93,Cry of the Innocent,Drama
1991,108,Edison the Man,Drama
1991,101,Keeper of the Flame,Drama
1991,92,Spencer Tracy Legacy_ The,Comedy
1957,60,Cheyenne_ The Iron Trail,Western
1992,56,Dawn Rider_ The,Western
1993,131,Duke_ The Films of John Wayne,Western
1939,55,Frontier Horizon,Western
1934,54,Hell Town,Western
1932,131,Hurricane Express,Western
1932,210,Hurricane Express_ The,Action
1965,165,In Harm's Way,War
1991,131,John Wayne Collection_ Red River_ The,War
1992,131,John Wayne Collector's Limited Edition,War
1991,131,John Wayne Four Pack,Western
1939,112,John Wayne Matinee Double Feature_ No. 2,Western
1939,110,John Wayne Matinee Double Feature_ No. 3,Western
1938,110,John Wayne Matinee Double Feature_ No. 4,Western
1990,131,John Wayne Six Pack,Western
1991,131,John Wayne Western Greats_ Rio Bravo,Western
1991,56,King of the Pecos,Western
1992,59,Lawless Frontier,Western
1991,52,Lawless Frontier_ The,Western
1991,56,Lawless Nineties_ The,Western
1934,54,Lucky Texan,Western
1992,112,McQ,Action
1993,131,Neath Arizona Skies,Western
1991,54,Neath the Arizona Skies,Western
1991,53,Randy Rides Alone,Western
1993,58,Range Feud,Western
1992,134,Red River,Western
1991,52,Riders of Destiny,Western
1990,131,Sagebrush Trail,Western
1932,226,Shadow of the Eagle_ The,Action
1989,103,Blood & Guns,Action
1988,78,Hot Money,Drama
1977,75,Comedy Tonight,Comedy
1991,65,Robin Williams,Comedy